{
  "data" :  [

    {
      "identifier": "002saad",
      "title": "القران الكريم كامل بصوت سعد الغامدي"
    },

    {
      "identifier": "MishariAl-afasi",
      "title": "القران الكريم كامل بصوت مشاري العفاسي mp3"
    },

    {
      "identifier": "IdressAbkr_777",
      "title": "القران الكريم كامل بصوت إدريس أبكر mp3"
    },
    {
      "identifier": "mhsny",
      "title": "القران الكريم كامل بصوت محمد المحيسني mp3"
    },
    {
      "identifier": "WaleedAlNaehi_286",
      "title": "القران الكريم كامل بصوت وليد النائحي mp3"
    },
    {
      "identifier": "khaledalgaleel",
      "title": "القران الكريم كامل بصوت خالد الجليل mp3"
    },
    {
      "identifier": "AbdulmohsinAl-Qasim",
      "title": "القران الكريم كامل بصوت عبدالمحسن القاسم mp3"
    },
    {
      "identifier": "KhalidAlmohana",
      "title": "القران الكريم كامل بصوت خالد المهنا mp3"
    },


    {
      "identifier": "alnahdi4_gmail",
      "title": "القران الكريم"
    },

    {
      "identifier": "koshi",
      "title": "القران الكريم كامل بصوت العيون الكوشي برواية ورش mp3"
    },
    {
      "identifier": "AbdulwadoodHaneef_617",
      "title": "القران الكريم كامل بصوت عبد الودود بن حنيف mp3"
    },
    {
      "identifier": "Alminshawi_3",
      "title": "القران الكريم كامل مجود بصوت محمد صديق المنشاوي mp3"
    },
    {
      "identifier": "AhmedAlAjmi_85",
      "title": "القران الكريم كامل بصوت أحمد بن علي العجمي mp3"
    },
    {
      "identifier": "IbrahimAldosariWarsh",
      "title": "القران الكريم كامل بصوت ابراهيم الدوسري برواية ورش mp3"
    },

    {
      "identifier": "AbdulbasitAbdulsamadMojawwad_276",
      "title": "القران الكريم كامل مجود بصوت عبد الباسط عبد الصمد mp3"
    },

    {
      "identifier": "way2sona_20160502_2236",
      "title": "القران الكريم كامل بصوت الشيخ محمد محمود الطبلاوي )"
    },
    {
      "identifier": "mightykota_yahoo_113",
      "title": "القران الكريم كامل بجودة عالية بصوت القارئ الشيخ محمد صديق المنشاوي مجود"
    },
    {
      "identifier": "H01R01_201701",
      "title": "القران الكريم كامل ومقسم الى ارباع للشيخ ابو بكر الشاطرى لتيسير الحفظ والمراجعة"
    },
    {
      "identifier": "SaadGhamidiCoranComplet",
      "title": "القران كامل بصوت سعد الغامدى"
    },

    {
      "identifier": "ahmednawar98_gmail_Flac",
      "title": "لقران الكريم كامل ل6 مقرئين بجودة فلاك"
    },
    {
      "identifier": "TvQuran.comShatri",
      "title": "القران الكريم كاملا بصوت أبو بكر الشاطري"
    },


    {
      "identifier": "TvQuran.comAliAlhuthaifi",
      "title": "القران الكريم كاملا بصوت الشيخ علي الحذيفي"
    },
    {
      "identifier": "TvQuran.comAlGhamdi",
      "title": "القران الكريم كاملة بصوت سعد الغامدي"
    },
    {
      "identifier": "FaresAbbad_661",
      "title": "القران الكريم كاملا بصوت فارس عباد mp3"
    },
    {
      "identifier": "Aloos",
      "title": "القران الكريم كاملا بصوت عبدالرحمن العوسي mp3"
    },
    {
      "identifier": "Alsudaes_519",
      "title": "القران الكريم كاملا بصوت عبدالرحمن السديس mp3"
    },
    {
      "identifier": "khalid_jalil_201904",
      "title": "تحميل القران الكريم بصوت خالد الجليل برابط واحد mp3"
    },
    {
      "identifier": "noreddine036_gmail_201904",
      "title": "القرأن الكريم كامل بصوت خالد الجليل جودة عالية"
    },
    {
      "identifier": "KoranFullYasserAl-dosari",
      "title": "القران كامل بصوت ياسر الدوسري mp3"
    },
    {
      "identifier": "SaudAl-shuraim_691",
      "title": "القران الكريم كاملا بصوت سعود الشريم mp3"
    },
    {
      "identifier": "TawfeeqAs-sayegh_50",
      "title": "القران الكريم كاملا بصوت توفيق الصائغ mp3"
    },
    {
      "identifier": "HaniArrifai_287",
      "title": "القران الكريم كاملا بصوت هاني الرفاعي mp3"
    },
    {
      "identifier": "AliAlhuthaifi_637",
      "title": "القران الكريم كاملا بصوت علي الحذيفي mp3"
    },
    {
      "identifier": "Wadeea_Al_Yamani",
      "title": "القرأن الكريم كامل بصوت وديع اليمني جودة عالية"
    },
    {
      "identifier": "MohammedAl-barrak_660",
      "title": "القران الكريم بصوت الطفل محمد البراك mp3"
    },
    {
      "identifier": "SalahAlbudair_443",
      "title": "القران الكريم كاملا بصوت صلاح البدير mp3"
    },
    {
      "identifier": "NasserAl-Qatami",
      "title": "القران الكريم كاملا بصوت ناصر القطامي mp3"
    },
    {
      "identifier": "KhalidAlqahtani",
      "title": "القران الكريم كاملا بصوت خالد القحطاني mp3"
    },

    {
      "identifier": "TvQuran.comAlHussary",
      "title": "القران الكريم كاملا بصوت الحصري-Tv Quran.com Al Hussary"
    },

    {
      "identifier": "rabieaaa2019_yahoo_00232457347",
      "title": "مصحف احمد عيسى المعصراوى القران كامل"
    },
    {
      "identifier": "87Pdf",
      "title": "87 Pdf كتاب تعظيم القران الكريم"
    },
    {
      "identifier": "TheCompleteHolyQuran",
      "title": "القرآن الكريم كامل بصوت الشيخ المعيقلي The Complete Holy Quran"
    },
    {
      "identifier": "TheCompleteHolyQuran_201405",
      "title": "القرآن الكريم كامل بصوت الشيخ المعيقلي The Complete Holy Quran"
    },
    {
      "identifier": "0033Bok",
      "title": "0033 Bok آيات الحج في القران الكريم"
    },
    {
      "identifier": "quran-full-ahmed-elagamy",
      "title": "تحميل القرآن الكريم كامل بصوت الشيخ احمد العجمي جودة عالية"
    },
    {
      "identifier": "AbuBakerShatri_478",
      "title": "القران الكريم كاملا بصوت أبو بكر الشاطري mp3"
    },
    {
      "identifier": "SalahBukatir_3",
      "title": "القران الكريم كاملا بصوت صلاح بو خاطر mp3"
    },


    {
      "identifier": "Juhani_521",
      "title": "القران الكريم كاملا بصوت عبدالله عواد الجهني mp3"
    },
    {
      "identifier": "HanyTaha_yahoo_002",
      "title": "تفسير القرآن الكريم كامل - للشيخ الدكتور خالد بن عثمان السبت"
    },
    {
      "identifier": "quran-by-sa3d-alghamdi-60-part-ahzaab-60-hezb-64kb-mp3",
      "title": "القران كامل مقسم الى احزاب ل سعد الغامدي بجودة رهيبة"
    },
    {
      "identifier": "OmarAlKazabiry_516",
      "title": "القران الكريم كاملا بصوت عمر القزابري برواية ورش mp3"
    },

    {
      "identifier": "AliJaber_722",
      "title": "القران الكريم كاملا بصوت علي جابر رحمه الله mp3"
    },

    {
      "identifier": "AymanSweed-Ayaat",
      "title": "أيمن رشدي سويد مصحف القران مقسم آيات كامل"
    },
    {
      "identifier": "kiy2018_gmail_1439_201807",
      "title": "سورة النبأ و جـــزء عــم كامل من مصحف الحرم النبوي 1439هــ مع دعاء ختم القران الكريم بعد المونتاج"
    },


    {
      "identifier": "rabieaaa2017_yahoo_22178787666666666666",
      "title": "مصحف القران مقسم صفحات المصحف تلاوة محمد عبد الكريم"
    },
    {
      "identifier": "TvQuran.comAlAjmy",
      "title": "Tv Quran.com Al Ajmy القران الكريم كاملا بصوت الشيخ أحمد بن علي العجمي"
    },
    {
      "identifier": "alfirdwsiyZZZZZZZZZZZZZgmail_7100",
      "title": "القران"
    },
    {
      "identifier": "Quranicaudio.com-torrent--direct--mp3--quran----quranMuhammadAbdul-kareem",
      "title": "محمد عبد الكريم - بجودة 128 - مصحف كامل برابط واحد مباشر و تورنت صاروخي من موقع القران اوديو مع توضيح كيفية كسب الملايين من التورنت"
    },
    {
      "identifier": "kquran.com_Abdullah-Kamel",
      "title": "عبد الله كامل - RM"
    },
    {
      "identifier": "full-quran-6236-ayah-by--abd-allah-almatrood-128kb--verse-by-verse",
      "title": "مصحف القران مقسم ايات ل الشيخ عبد الله المطرود - كامل - كل سورة برابط"
    },
    {
      "identifier": "full-quran-6236-ayah-by--slaa7-bo-khater-128kb--verse-by-verse",
      "title": "مصحف القران مقسم ايات ل الشيخ صلاح بو خاطر - كامل - كل سورة برابط"
    },

    {
      "identifier": "Quran-translatd-filipino-philippine-tagalog--langauge--without-arabic-30-part",
      "title": "القران كامل 30 جزء مترجم الى اللغة التاغالوغية الفلبينية بدون تلاوة"
    },
    {
      "identifier": "full-quran-6236-ayah-by--alhosary-mogawwad--128kb--verse-by-verse",
      "title": "مصحف القران المجود مقسم ايات ل الشيخ الحصري مجود - كامل - كل سورة برابط"
    },
    {
      "identifier": "6236-full-quran-6236-ayah-by--khaled-alqa7taany--192kb---every-sorah-in-folder",
      "title": "القران مقسم الى ايات - كامل - ل خالد القحطاني 192 ك ب - كل سورة برابط"
    },
    {
      "identifier": "kquran.com__Abdullah-Kamel",
      "title": "عبد الله كامل - MP3"
    },
    {
      "identifier": "114sora-6236-ayah-by-mohammad-abd-alkareem",
      "title": "مصحف الشيخ محمد عبد الكريم - كامل و مقسم الى ايات 6236 اية برابط واحد"
    },
    {
      "identifier": "full-quran-6236-ayah-by--yaseen-algzaery-rewayt-warsh---64-kb--verse-by-verse",
      "title": "مصحف القران مقسم ايات ل الشيخ ياسين الجزائري - رواية ورش - كامل - كل سورة برابط"
    },
    {
      "identifier": "q018_gmail_z002_2018zq",
      "title": "مصحف الحصري مع الترجمة ترجمة القران اللغة البوسنية 114 سورة كامل بحجم صغير"
    },
    {
      "identifier": "6236-full-quran-6236-ayah-by--MOHAMMAD-ABD-ALKAREEM----every-sorah-in-folder-1",
      "title": "المصحف المرتل مقسم الى ايات ل محمد عبد الكريم - كامل - كل سورة برابط واحد"
    },
    {
      "identifier": "Abdullah_Kamel_www.suratmp3.com",
      "title": "المصحف الكامل للشيخ عبد الله كامل"
    },
    {
      "identifier": "quran-32kb-ahmad-khedr-altrabolsy-reeding-of-qaloon-full",
      "title": "القران كامل 114 سورة ل احمد خضر الطرابلسي رواية قالون عن نافع جودة عالية 32 ك"
    },

    {
      "identifier": "rabieaaa2015_yahoo_018555",
      "title": "مصحف محمد الطيب حمدان رواية ورش المصحف المحمدي مقسم في 22 مقطع القران كامل"
    },
    {
      "identifier": "alfirdwsiy2018dddddddddddddddddddddd_20180801",
      "title": "محمد عبد الكريم برواية حفص المصحف المرتل كامل جودة رهيبة 128 ك ب"
    },
    {
      "identifier": "t2018_gmail_002_2018tttttttttttttttttttt0804",
      "title": "مصحف محمد عبد الكريم بقراءة حفص 114 سورة كامل بحجم صغير"
    }

  ]
}